DROP DATABASE ksca;
CREATE DATABASE ksca;
USE ksca;

CREATE TABLE cat1 (
	code 		VARCHAR(10) NOT NULL,
	name 		VARCHAR(50) NOT NULL,
	PRIMARY KEY (code)
);

CREATE TABLE cat2 (
	code 		VARCHAR(10) NOT NULL,
	name 		VARCHAR(50) NOT NULL,
	cat1 		VARCHAR(10) NOT NULL,
	PRIMARY KEY (code, cat1),
	FOREIGN KEY (cat1)
		REFERENCES cat1 (code) ON DELETE CASCADE ON UPDATE CASCADE
);

CREATE TABLE area (
	code        VARCHAR(20) NOT NULL,
	city        VARCHAR(20) NOT NULL,
	city_code   VARCHAR(5) 	NOT NULL,
	gu          VARCHAR(20) NOT NULL,
	gu_code     VARCHAR(5)  NOT NULL,
	PRIMARY KEY (code)
);

CREATE TABLE manager (
	id         VARCHAR(50) NOT NULL, 
	password   VARCHAR(35) NOT NULL, 
	name       VARCHAR(12) NOT NULL, 
	tel        VARCHAR(30) NOT NULL, 
	mail       VARCHAR(40) NOT NULL, 
	is_approve BOOLEAN     DEFAULT FALSE,
	is_exist   BOOLEAN     DEFAULT TRUE,
	permission ENUM('MASTER','MANAGER') DEFAULT 'MANAGER',
	area       VARCHAR(20) NOT NULL,
	PRIMARY KEY (id),
	FOREIGN KEY (area)
		REFERENCES area (code) ON DELETE CASCADE ON UPDATE CASCADE
);

CREATE TABLE branch (
	area_code	VARCHAR(20) NOT NULL,
	branch_code VARCHAR(10) NOT NULL,	
	branch      VARCHAR(50) NOT NULL,
	PRIMARY KEY (area_code, branch_code),
	FOREIGN KEY (area_code)
		REFERENCES area (code) ON DELETE CASCADE ON UPDATE CASCADE
);

CREATE TABLE scc (
	area_code   VARCHAR(20)  NOT NULL,
	branch_code VARCHAR(10)  NOT NULL,	
	scc_code    VARCHAR(10)  NOT NULL,
	dong      	VARCHAR(50)  NULL,
	name      	VARCHAR(50)  NOT NULL,
	address   	VARCHAR(255) NULL,
	reg_date  	DATE         NULL,
	site      	FLOAT        NULL,
	building  	FLOAT        NULL,
	member    	INTEGER      NULL,
	male      	INTEGER      NULL,
	female   	INTEGER      NULL,
	own      	VARCHAR(10)  NULL,
	tel      	VARCHAR(30)  NULL,
	president   VARCHAR(12)  NULL,
	phone    	VARCHAR(30)  NULL,
	PRIMARY KEY (area_code, branch_code, scc_code),
	FOREIGN KEY (area_code, branch_code)
		REFERENCES branch (area_code, branch_code) ON DELETE CASCADE ON UPDATE CASCADE
);

CREATE TABLE agency (
	code    INTEGER     NOT NULL AUTO_INCREMENT,
	area    VARCHAR(20) NOT NULL,
	name    VARCHAR(50) NOT NULL, 
	manager VARCHAR(12) NULL,     
	tel     VARCHAR(30) NULL,     
	PRIMARY KEY (code),
	FOREIGN KEY (area)
		REFERENCES area (code) ON DELETE CASCADE ON UPDATE CASCADE
);

CREATE TABLE program (
	code   INTEGER     NOT NULL AUTO_INCREMENT,
	area   VARCHAR(20) NOT NULL,
	name   VARCHAR(50) NOT NULL,
	cat1   VARCHAR(10) NOT NULL,
	cat2   VARCHAR(10) NOT NULL,
	agency INTEGER     NOT NULL,
	PRIMARY KEY (code),
	FOREIGN KEY (agency)
		REFERENCES agency (code) ON DELETE CASCADE ON UPDATE CASCADE,
	FOREIGN KEY (cat1, cat2)
		REFERENCES cat2 (cat1, code) ON DELETE CASCADE ON UPDATE CASCADE,
	FOREIGN KEY (area)
		REFERENCES area (code) ON DELETE CASCADE ON UPDATE CASCADE
);

CREATE TABLE offerprogram (
	code         INTEGER     NOT NULL AUTO_INCREMENT, 
	program      INTEGER     NOT NULL,
	reg_month	 DATE        NOT NULL,
	begin_date   DATE        NOT NULL, 
	end_date     DATE        NOT NULL, 
	color		 VARCHAR(20) NOT NULL,
	PRIMARY KEY (code),
	FOREIGN KEY (program)
		REFERENCES program (code) ON DELETE CASCADE ON UPDATE CASCADE
);


CREATE TABLE offer (
	code         INTEGER     NOT NULL AUTO_INCREMENT, 
	area_code    VARCHAR(20) NOT NULL,
	branch_code	 VARCHAR(10) NOT NULL,	
	scc_code	 VARCHAR(10) NOT NULL,
	program      INTEGER     NOT NULL,
	monthly_oper INTEGER     NOT NULL, 
	active_user  INTEGER     NULL,
	PRIMARY KEY (code),
	FOREIGN KEY (area_code, branch_code, scc_code)
		REFERENCES scc (area_code, branch_code, scc_code) ON DELETE CASCADE ON UPDATE CASCADE,
	FOREIGN KEY (program)
		REFERENCES offerprogram (code) ON DELETE CASCADE ON UPDATE CASCADE
);

CREATE TABLE schedule (
	code         INTEGER     NOT NULL AUTO_INCREMENT,
	offer		 INTEGER	 NOT NULL,
	date		 DATE	     NOT NULL,
	PRIMARY KEY (code),
	FOREIGN KEY (offer)
		REFERENCES offer (code) ON DELETE CASCADE ON UPDATE CASCADE
);



DELIMITER $$
DROP TRIGGER IF EXISTS inc_monthly_oper $$
CREATE TRIGGER inc_monthly_oper
AFTER INSERT ON schedule 
FOR EACH ROW 
BEGIN
	UPDATE offer 
		SET monthly_oper = monthly_oper + 1 
		WHERE code = NEW.offer;
END $$
DELIMITER ;

DELIMITER $$
DROP TRIGGER IF EXISTS dec_monthly_oper $$
CREATE TRIGGER dec_monthly_oper
AFTER DELETE ON schedule 
FOR EACH ROW 
BEGIN
	UPDATE offer 
		SET monthly_oper = monthly_oper - 1 
		WHERE code = OLD.offer;
END $$
DELIMITER ;


-- code name par_cat par_name 
INSERT INTO cat1(code, name) VALUES
	('3001','건강운동분야'),
	('3002','건강관리분야'),
	('3003','교육ㆍ상담분야'),
	('3004','여가분야'),
	('3005','권익증진분야'),
	('3006','사회참여분야'),
	('3007','공동작업장');

-- code name parents_cat 
INSERT INTO cat2(code, name, cat1) VALUES
	('101',' 체조 ㆍ댄스교실',			'3001'),
	('102',' 웃음교실',					'3001'),
	('103',' 요가ㆍ명상',				'3001'),
	('104',' 건강운동',					'3001'),
	('101',' 건강검진관련',				'3002'),
	('102',' 한방치료',					'3002'),
	('103',' 안마교실',					'3002'),
	('104',' 방문간호',					'3002'),
	('101',' 정보화교육',				'3003'),
	('102',' 언어교육',					'3003'),
	('103',' 인식개선교육',				'3003'),
	('104',' 에너지교육',				'3003'),
	('105',' 노인상담',					'3003'),
	('106',' 생활ㆍ안전교육',			'3003'),
	('107',' 프로그램발표대회',			'3003'),
	('101',' 음악활동',					'3004'),
	('102',' 바둑ㆍ장기교실',			'3004'),
	('103',' 문학활동',					'3004'),
	('104',' 미술활동',					'3004'),
	('105',' 문화ㆍ공연활동',			'3004'),
	('101',' 노인성교육',				'3005'),
	('102',' 소비자피해예방교육',		'3005'),
	('103',' 노인자살ㆍ학대예방교육',	'3005'),
	('101',' 방문 이ㆍ미용서비스',		'3006'),
	('102',' 시설 방문 위문공연',		'3006'),
	('103',' 자원봉사활동',				'3006'),
	('101',' 공동작업장',				'3007');

	
-- code city city_code gu gu_code branch branch_code
INSERT INTO area(code, city, city_code, gu, gu_code) VALUES
	('03-01', '대구', '03', '중구', '01'),
	('00-00', '테스트', '00', '테스트', '00');

-- id password name tel mail is_approve permission area
INSERT INTO manager(id, password, name, tel, mail, is_approve, permission, area) VALUES 
	('mcmoto',md5('mcmoto.ksca'),'우금주','010-9004-0726','mcmoto@naver.com',true,'MASTER','03-01'),
	('luuzun',md5('luuzun.ksca'),'이원준','010-4940-5498','luuzun@naver.com',true,'MASTER','00-00');

INSERT INTO branch(area_code, branch_code, branch) VALUES
	('03-01', '99', '없음'),
	('00-00', '99', '없음'),
	('00-00', '00', '테스트');

-- area_code branch_code scc_code dong name address reg_date site building member male female own tel president phone manager area      
INSERT INTO scc(area_code, branch_code, scc_code, dong, name, address, reg_date, site, building, member, male, female, own, tel, president, phone) VALUES 
	('03-01','99','001','동인동'  ,'동인1.2가',			'국채보상로 679-13(동인동2가)',				'1997.04.29','224.80',	'148.4', 28,10,18,'공설','053-421-5487','김옥선','010-9378-0997'),
	('03-01','99','002','동인동'  ,'동인4가',			'국채보상로142길 33-41(동인동4가)',			'1999.03.18','194.40',	'157.32',24,3,21, '공설','053-422-2770','김해수','010-5795-2201'),
	('03-01','99','003','동인동'  ,'동인시티타운',		'국채보상로131길55(동인동1가)',				'2009.09.28',null,		'124.99',31,4,27, '사설','053-424-7416','김의선','010-2526-2864'),
	('03-01','99','004','동인동'  ,'동인3가',			'동덕로38길 85(동인동3가)',					'1992.06.26','156.00',	'158.68',37,1,36, '공설','053-423-8922','황산옥','010-3572-9988'),
	('03-01','99','005','동인동'  ,'동인삼정그린',		'동덕로30길 53(동인동4가)',					'2011.04.20',null,		'84.31', 21,9,12, '사설','053-427-0548','정제건','010-5560-2471'),
	('03-01','99','006','삼덕동'  ,'삼덕3가',			'달구벌대로443길 44-40(삼덕동3가)',			'1996.01.13','248.30',  '167.41',18,3,15, '공설','053-424-0359','이경자','010-5546-2837'),
	('03-01','99','007','삼덕동'  ,'삼덕1.2가',			'공평로4길25(삼덕동2가)',					'1998.02.07','225.50',  '109.98',40,22,18,'공설','053-422-2656','이승엽','010-6501-2772'),
	('03-01','99','008','삼덕동'  ,'삼덕청아람',		'중구 달구벌대로 447길 77',					'2013.09.09','172.27',  '172.97',20,8,12, '사설',null,		'조규백','010-3421-8250'),
	('03-01','99','009','성내1동' ,'봉산동',			'봉산문화길1-4(봉산동)',					'1993.01.13','158.70',  '52.93', 45,17,28,'공설','053-425-2705','조양호','010-3754-1050'),
	('03-01','99','010','성내1동' ,'라이프태평아파트',	'태평로177(태평로1가)',						'1995.01.16',null,		'85.80', 12,0,12, '사설','053-425-0802','윤희순','010-4232-9595'),
	('03-01','99','011','성내1동' ,'동성동',			'교동길79-6(교동)',							'1996.07.23','250.6',	'169.74',21,3,18, '공설','053-423-6809','김복희','010-6780-9167'),
	('03-01','99','012','성내1동' ,'77태평아파트',		'태평로205',								'1996.11.07',null,		'35.05', 36,13,23,'사설','053-422-7074','장계자','010-3505-1524'),
	('03-01','99','013','성내1동' ,'봉산뜨란채',		'봉산문화길69(봉산동)',						'2007.08.10',null,		'68.6',  33,13,20,'사설','053-294-4277','최내원','010-3527-0191'),
	('03-01','99','014','성내2동' ,'남성동',			'약령길 33-6(계산동2가)',					'1992.12.15','218.20',	'75.37', 32,20,12,'공설','053-254-6320','전병장','010-6505-0681'),
	('03-01','99','015','성내2동' ,'북성동',			'서성로14길 51-18(북내동)',					'1994.03.10','234.70',	'168.48',32,19,13,'공설','053-256-3816','서성락','010-4511-2798'),
	('03-01','99','016','성내2동' ,'동산동',			'달구벌대로401길20-17',						'1998.02.02','213.00',	'44.79', 32,6,26, '공설','053-252-3204','김해용','011-9368-8787'),
	('03-01','99','017','성내2동' ,'신성미소시티',		'달구벌대로2051(계산동2가)',				'2009.12.30',null,		'124.9', 23,4,19, '사설','053-423-5885','박희분','010-5476-4172'),
	('03-01','99','018','성내3동' ,'달성동',			'달성로21길 44-13(달성동)',					'1991.03.08','157.20',	'161.58',20,0,20, '공설','053-554-5321','최윤혜','010-7722-3170'),
	('03-01','99','019','성내3동' ,'서성동',			'서성로15길 27-1(서성로1가)',				'1992.02.11','175.20',	'163.60',15,0,15, '공설','053-256-0940','신병순','010-2544-0734'),
	('03-01','99','020','대신동'  ,'대신서문',			'큰장로24안길 31-6(대신동)',				'1998.12.15','223.00',	'154.20',36,6,30, '공설','053-253-5593','권중식','010-9209-5877'),
	('03-01','99','021','대신동'  ,'일신',				'국채보상로93길31-1(대신동)',				'2004.09.10','99.00',	'42.40', 33,10,23,'공설','053-522-0085','전노수','010-4531-2422'),
	('03-01','99','022','대신동'  ,'태왕아너스',		'달구벌대로 1975(대신동)',					'2007.09.02',null,		'231.9', 25,8,17, '사설','053-423-6080','이정웅','010-5566-3647'),
	('03-01','99','023','남산1동' ,'남산1동',			'중앙대로62길 30-3(남산동)',				'1995.01.14','221',		'166.50',73,42,31,'공설','053-422-3749','손석노','010-9819-1040'),
	('03-01','99','024','남산1동' ,'남문',				'2.28길 10-16(남산동)',						'2004.07.22','132',		'61.85', 39,14,25,'공설','053-256-0302','권호남','010-7926-3090'),
	('03-01','99','025','남산2동' ,'남산2동',			'명륜로6길 27-1(남산동)',					'1989.06.07','158',		'78.66', 27,8,19, '공설','053-253-0840','김우집','010-8526-3760'),
	('03-01','99','026','남산2동' ,'대남',				'명륜로6길 5 (남산동)',						'1997.05.12','151.14',	'271.08',36,22,14,'공설','053-257-1772','박위현','010-8148-9198'),
	('03-01','99','027','남산2동' ,'반월당삼정그린코아','중앙대로67길10(남산동)',					'2008.12.04',null,		'52.3',	 30,7,23, '사설','053-291-8825','강지석','010-3512-8362'),
	('03-01','99','028','남산3동' ,'남산3동',			'남산로6안길27-57(남산동)',					'1989.05.30','158.61',	'248.22',93,32,61,'공설','053-254-0533','김문찬','010-3536-8061'),
	('03-01','99','029','남산3동' ,'보성송림',			'남산로4길 91(남산동)',						'1993.06.09',null,		'44.50', 37,16,21,'사설','053-215-4095','김영화','010-8858-4095'),
	('03-01','99','030','남산3동' ,'극동스타클래스',	'남산로 30,104-1101(남산동)',				'2014.10.13','38.378',	'154.73',44,19,25,'사설','053-252-2644','최무웅','010-9486-7773'),
	('03-01','99','031','남산4동' ,'남산4동',			'남산로3안길 11(남산동)',					'1989.05.30','148',		'133.68',44,0,44, '공설','053-252-5990','장춘화','010-8984-6922'),
	('03-01','99','032','남산4동' ,'남산복지관',		'남산로7길 80(남산동)',						'1992.12.15',null,		'84.20', 38,0,38, '사설','053-253-3953','김태홍','010-9981-5415'),
	('03-01','99','033','남산4동' ,'까치아파트',		'남산로7길 80(남산동)',						'1993.08.27',null,		'62.70', 41,22,19,'사설','053-256-4139','여문길','010-6525-8264'),
	('03-01','99','034','남산4동' ,'보성황실',			'남산로13길 17(남산동)',					'1994.05.12',null,		'129.84',41,11,30,'사설','053-254-5030','정윤',  '010-6621-6723'),
	('03-01','99','035','남산4동' ,'남산그린타운',		'달구벌대로 1950(남산동)',					'2005.09.15',null,		'172.49',26,6,20, '사설','053-255-8994','김영도','010-9501-4321'),
	('03-01','99','036','남산4동' ,'남산휴먼시아2단지',	'달구벌대로 1970(남산동)',					'2009.06.05',null,		'90.08', 42,11,31,'사설','053-427-2427','오광석','010-5167-2549'),
	('03-01','99','037','남산4동' ,'남산휴먼시아1단지',	'달구벌대로 1960(남산동)',					'2009.06.16',null,		'71',	 23,9,14, '사설','053-427-1777','이석곤','010-9358-3773'),
	('03-01','99','038','대봉1동' ,'청운',				'동덕로33(대봉동)',							'1989.05.30',null,		'198.00',20,0,20, '사설','053-423-6891','장분식','010-8422-0482'),
	('03-01','99','039','대봉1동' ,'대봉1동',			'달구벌대로 440길 27(대봉1동)',				'1995.06.22','72.78',	'72.78', 38,10,28,'공설','053-423-2660','강청석','010-3544-4496'),
	('03-01','99','040','대봉1동' ,'센트로팰리스',		'대봉로260(대봉로)',						'2008.06.24',null,		'143.1', 40,0,40, '사설','053-423-6114','이부자','010-8902-3519'),
	('03-01','99','041','대봉2동' ,'대봉2동',			'명륜로 138-9,1층(대봉동)',					'1997.04.21','158',		'144.30',31,19,12,'공설','053-421-4465','김상대','010-3514-6304'),
	('03-01','99','042','대봉2동' ,'건들바위',			'명륜로26안길19(대봉동)',					'2000.09.20','165',		'81.85', 40,9,31, '공설','053-423-7854','노남환','010-3130-4875'),
	('03-01','99','043','대봉2동' ,'화성파크드림',		'명덕로55길25(대봉동)',						'2007.01.23',null,		'32.07', 29,14,15,'사설','053-295-3222','박경운','010-2520-2495'),
	('03-01','99','044','남산1동' ,'효성해링턴플레이스','중앙대로66길20(남산동)',					'2015.07.13',null,		'93.52', 27,11,16,'사설',null,			'윤거황','010-3515-9531'),
	('03-01','99','045','대신동'  ,'대신자이',			'달구벌대로 1955(대신동, 대신센터럴자이)',	'2016.03.15',null,		'209.12',32,10,22,'사설','053-431-0177','김갑식','010-3546-3666'),
	('03-01','99','046','대봉동'  ,'대봉태왕아너스',	'동덕로 55(대봉동, 대봉태왕아너스)',		'2017.04.20',null,		'100.2', 25,12,13,'사설',null,			'박영호','010-3515-1521'),
	('03-01','99','047','수창동'  ,'대구역센트럴자이',	'서성로99(수창동, 대구역센터럴자이)',		'2018.09.05',null,		'122.8', 36,16,20,'사설',null,			'장태창','010-8498-5656');

-- area_code branch_code scc_code dong name address reg_date site building member male female own tel president phone manager area      
INSERT INTO scc(area_code, branch_code, scc_code, dong, name, address, reg_date, site, building, member, male, female, own, tel, president, phone) VALUES 
	('00-00','99','001','남산동','반월당삼정그린코아   ','국채보상로 679-13','1997.04.29','224.80','220.4',28,10,18,'공설','053-421-5222','김혜수','010-5135-4777'),
	('00-00','99','002','남산동','남산그린빌'			,'봉산문화길1-43'   ,'1998.04.29','120.40','120.4',38,20,18,'사설','053-421-5222','박성광','010-5135-4777'),
	('00-00','99','003','동인동','동인시티'  			,'달성로21길 44-133','1999.04.29','350.20','345.4',48,30,18,'공설','053-421-5222','장동건','010-5135-4777'),
	('00-00','99','004','동인동','건들바위'  			,'달구벌대로 1975'  ,'2000.04.29','100.80','98.4' ,58,40,18,'사설','053-421-5222','김동현','010-5135-4777'),
	('00-00','99','005','동성동','동성1가'   			,'중앙대로62길 30-3','2001.04.29','214.50','211.4',68,50,18,'공설','053-421-5222','이상혁','010-5135-4777'),
	('00-00','99','006','달성동','달성2가'   			,'명륜로6길 5'      ,'2002.04.29','124.10','100.4',78,60,18,'사설','053-421-5222','우혜미','010-5135-4777'),
	('00-00','99','007','달성동','달성1가'  		 	,'달성로 2246'      ,'2003.04.29','124.10','100.4',78,60,18,'사설','053-421-5222','우혜미','010-5135-4777'),
	('00-00','99','008','남산동','반월당삼정그린코아'	,'국채보상로 679-13','1997.04.29','224.80','220.4',28,10,18,'공설','053-421-5222','김혜수','010-5135-4777'),
	('00-00','99','009','남산동','보성황실'	 			,'봉산문화길1-43'   ,'1998.04.29','120.40','120.4',38,20,18,'사설','053-421-5222','박성광','010-5135-4777'),
	('00-00','99','010','동인동','극동스타클래스'  	 	,'달성로21길 44-133','1999.04.29','350.20','345.4',48,30,18,'공설','053-421-5222','장동건','010-5135-4777'),
	('00-00','99','011','동인동','남산그린타운'  	 	,'달구벌대로 1975'  ,'2000.04.29','100.80','98.4' ,58,40,18,'사설','053-421-5222','김동현','010-5135-4777'),
	('00-00','99','012','동성동','효성해링턴'			,'중앙대로62길 30-3','2001.04.29','214.50','211.4',68,50,18,'공설','053-421-5222','이상혁','010-5135-4777'),
	('00-00','99','013','달성동','남문'   	 			,'명륜로6길 5'      ,'2002.04.29','124.10','100.4',78,60,18,'사설','053-421-5222','우혜미','010-5135-4777'),
	('00-00','99','014','달성동','달성1가'   			,'달성로 2246'      ,'2003.04.29','124.10','100.4',78,60,18,'사설','053-421-5222','우혜미','010-5135-4777'),
	('00-00','99','015','달성동','달성1가'   			,'달성로 2246'      ,'2003.04.29','124.10','100.4',78,60,18,'사설','053-421-5222','우혜미','010-5135-4777'),
	('00-00','99','016','남산동','까치아파트'			,'국채보상로 679-13','1997.04.29','224.80','220.4',28,10,18,'공설','053-421-5222','김혜수','010-5135-4777'),
	('00-00','99','017','남산동','남산그린빌'			,'봉산문화길1-43'   ,'1998.04.29','120.40','120.4',38,20,18,'사설','053-421-5222','박성광','010-5135-4777'),
	('00-00','99','018','동인동','동인시티'  			,'달성로21길 44-133','1999.04.29','350.20','345.4',48,30,18,'공설','053-421-5222','장동건','010-5135-4777'),
	('00-00','99','019','동인동','건들바위'  			,'달구벌대로 1975'  ,'2000.04.29','100.80','98.4' ,58,40,18,'사설','053-421-5222','김동현','010-5135-4777'),
	('00-00','99','020','동성동','동성1가'   			,'중앙대로62길 30-3','2001.04.29','214.50','211.4',68,50,18,'공설','053-421-5222','이상혁','010-5135-4777'),
	('00-00','99','021','달성동','달성2가'   			,'명륜로6길 5'      ,'2002.04.29','124.10','100.4',78,60,18,'사설','053-421-5222','우혜미','010-5135-4777'),
	('00-00','99','022','달성동','달성1가'   			,'달성로 2246'      ,'2003.04.29','124.10','100.4',78,60,18,'사설','053-421-5222','우혜미','010-5135-4777'),
	('00-00','99','023','달성동','달성1가'   			,'달성로 2246'      ,'2003.04.29','124.10','100.4',78,60,18,'사설','053-421-5222','우혜미','010-5135-4777'),
	('00-00','99','024','남산동','까치아파트'			,'국채보상로 679-13','1997.04.29','224.80','220.4',28,10,18,'공설','053-421-5222','김혜수','010-5135-4777'),
	('00-00','99','025','남산동','남산그린빌'			,'봉산문화길1-43'   ,'1998.04.29','120.40','120.4',38,20,18,'사설','053-421-5222','박성광','010-5135-4777'),
	('00-00','99','026','동인동','동인시티'  			,'달성로21길 44-133','1999.04.29','350.20','345.4',48,30,18,'공설','053-421-5222','장동건','010-5135-4777'),
	('00-00','99','027','동인동','건들바위'  			,'달구벌대로 1975'  ,'2000.04.29','100.80','98.4' ,58,40,18,'사설','053-421-5222','김동현','010-5135-4777'),
	('00-00','99','028','동성동','동성1가'   			,'중앙대로62길 30-3','2001.04.29','214.50','211.4',68,50,18,'공설','053-421-5222','이상혁','010-5135-4777'),
	('00-00','99','029','달성동','달성2가'   			,'명륜로6길 5'      ,'2002.04.29','124.10','100.4',78,60,18,'사설','053-421-5222','우혜미','010-5135-4777'),
	('00-00','99','030','달성동','달성1가'   			,'달성로 2246'      ,'2003.04.29','124.10','100.4',78,60,18,'사설','053-421-5222','우혜미','010-5135-4777'),
	('00-00','99','031','달성동','달성1가'   			,'달성로 2246'      ,'2003.04.29','124.10','100.4',78,60,18,'사설','053-421-5222','우혜미','010-5135-4777'),
	('00-00','99','032','남산동','까치아파트'			,'국채보상로 679-13','1997.04.29','224.80','220.4',28,10,18,'공설','053-421-5222','김혜수','010-5135-4777'),
	('00-00','99','033','남산동','남산그린빌'			,'봉산문화길1-43'   ,'1998.04.29','120.40','120.4',38,20,18,'사설','053-421-5222','박성광','010-5135-4777'),
	('00-00','99','034','동인동','동인시티'  			,'달성로21길 44-133','1999.04.29','350.20','345.4',48,30,18,'공설','053-421-5222','장동건','010-5135-4777'),
	('00-00','99','035','동인동','건들바위'  			,'달구벌대로 1975'  ,'2000.04.29','100.80','98.4' ,58,40,18,'사설','053-421-5222','김동현','010-5135-4777'),
	('00-00','99','036','동성동','동성1가'   			,'중앙대로62길 30-3','2001.04.29','214.50','211.4',68,50,18,'공설','053-421-5222','이상혁','010-5135-4777'),
	('00-00','99','037','달성동','달성2가'   			,'명륜로6길 5'      ,'2002.04.29','124.10','100.4',78,60,18,'사설','053-421-5222','우혜미','010-5135-4777'),
	('00-00','99','038','달성동','달성1가'   			,'달성로 2246'      ,'2003.04.29','124.10','100.4',78,60,18,'사설','053-421-5222','우혜미','010-5135-4777');

