-- code name par_cat par_name 
INSERT INTO cat1(code, name) VALUES
	('3001','건강운동분야'),
	('3002','건강관리분야'),
	('3003','교육ㆍ상담분야'),
	('3004','여가분야'),
	('3005','권익증진분야'),
	('3006','사회참여분야'),
	('3007','공동작업장');

-- code name parents_cat 
INSERT INTO cat2(code, name, cat1) VALUES
	('101',' 체조 ㆍ댄스교실',			'3001'),
	('102',' 웃음교실',					'3001'),
	('103',' 요가ㆍ명상',				'3001'),
	('104',' 건강운동',					'3001'),
	('101',' 건강검진관련',				'3002'),
	('102',' 한방치료',					'3002'),
	('103',' 안마교실',					'3002'),
	('104',' 방문간호',					'3002'),
	('101',' 정보화교육',				'3003'),
	('102',' 언어교육',					'3003'),
	('103',' 인식개선교육',				'3003'),
	('104',' 에너지교육',				'3003'),
	('105',' 노인상담',					'3003'),
	('106',' 생활ㆍ안전교육',			'3003'),
	('107',' 프로그램발표대회',			'3003'),
	('101',' 음악활동',					'3004'),
	('102',' 바둑ㆍ장기교실',			'3004'),
	('103',' 문학활동',					'3004'),
	('104',' 미술활동',					'3004'),
	('105',' 문화ㆍ공연활동',			'3004'),
	('101',' 노인성교육',				'3005'),
	('102',' 소비자피해예방교육',		'3005'),
	('103',' 노인자살ㆍ학대예방교육',	'3005'),
	('101',' 방문 이ㆍ미용서비스',		'3006'),
	('102',' 시설 방문 위문공연',		'3006'),
	('103',' 자원봉사활동',				'3006'),
	('101',' 공동작업장',				'3007');

	
-- code city city_code gu gu_code branch branch_code
INSERT INTO area(code, city, city_code, gu, gu_code) VALUES
	('01-01', '서울', '01', '중구', '01'),	
	('03-01', '대구', '03', '중구', '01');

-- code area name manager tel
INSERT INTO agency(area, name) VALUES 
	('03-01', '중구체육회'),
	('03-01', '중구보건소'),
	('03-01', '건강보험공단');

-- id password name tel mail is_approve permission area
INSERT INTO manager(id, password, name, tel, mail, is_approve, permission, area) VALUES
	('luuzun','1234','이원준','010-4940-5498','luuzun@naver.com',true,'MASTER', '01-01'),
	('mcmoto','1234','우금주','010-9004-0726','mcmoto@naver.com',true,'MANAGER','03-01');


INSERT INTO branch(area_code, branch_code, branch) VALUES
	('03-01', '99', '없음'),	
	('03-01', '01', '비산동'),
	('03-01', '02', '달성동'),
	('03-01', '03', '남산동'),
	('03-01', '04', '대명동');


-- area_code branch_code scc_code dong name address reg_date site building member male female own tel president phone manager area      
INSERT INTO scc(area_code, branch_code, scc_code, dong, name, address, reg_date, site, building, member, male, female, own, tel, president, phone) VALUES 
	('03-01','99','001','남산동','까치아파트','국채보상로 679-13','1997.04.29','224.80','220.4',28,10,18,'공설','053-421-5222','김혜수','010-5135-4777'),
	('03-01','99','002','남산동','남산그린빌','봉산문화길1-43'   ,'1998.04.29','120.40','120.4',38,20,18,'사설','053-421-5222','박성광','010-5135-4777'),
	('03-01','99','003','동인동','동인시티'  ,'달성로21길 44-133','1999.04.29','350.20','345.4',48,30,18,'공설','053-421-5222','장동건','010-5135-4777'),
	('03-01','99','004','동인동','건들바위'  ,'달구벌대로 1975'  ,'2000.04.29','100.80','98.4' ,58,40,18,'사설','053-421-5222','김동현','010-5135-4777'),
	('03-01','99','005','동성동','동성1가'   ,'중앙대로62길 30-3','2001.04.29','214.50','211.4',68,50,18,'공설','053-421-5222','이상혁','010-5135-4777'),
	('03-01','99','006','달성동','달성2가'   ,'명륜로6길 5'      ,'2002.04.29','124.10','100.4',78,60,18,'사설','053-421-5222','우혜미','010-5135-4777'),
	('03-01','99','007','달성동','달성1가'   ,'달성로 2246'      ,'2003.04.29','124.10','100.4',78,60,18,'사설','053-421-5222','우혜미','010-5135-4777'),
	('03-01','99','008','남산동','까치아파트','국채보상로 679-13','1997.04.29','224.80','220.4',28,10,18,'공설','053-421-5222','김혜수','010-5135-4777'),
	('03-01','99','009','남산동','남산그린빌','봉산문화길1-43'   ,'1998.04.29','120.40','120.4',38,20,18,'사설','053-421-5222','박성광','010-5135-4777'),
	('03-01','99','010','동인동','동인시티'  ,'달성로21길 44-133','1999.04.29','350.20','345.4',48,30,18,'공설','053-421-5222','장동건','010-5135-4777'),
	('03-01','99','011','동인동','건들바위'  ,'달구벌대로 1975'  ,'2000.04.29','100.80','98.4' ,58,40,18,'사설','053-421-5222','김동현','010-5135-4777'),
	('03-01','99','012','동성동','동성1가'   ,'중앙대로62길 30-3','2001.04.29','214.50','211.4',68,50,18,'공설','053-421-5222','이상혁','010-5135-4777'),
	('03-01','99','013','달성동','달성2가'   ,'명륜로6길 5'      ,'2002.04.29','124.10','100.4',78,60,18,'사설','053-421-5222','우혜미','010-5135-4777'),
	('03-01','99','014','달성동','달성1가'   ,'달성로 2246'      ,'2003.04.29','124.10','100.4',78,60,18,'사설','053-421-5222','우혜미','010-5135-4777'),
	('03-01','99','015','달성동','달성1가'   ,'달성로 2246'      ,'2003.04.29','124.10','100.4',78,60,18,'사설','053-421-5222','우혜미','010-5135-4777'),
	('03-01','99','016','남산동','까치아파트','국채보상로 679-13','1997.04.29','224.80','220.4',28,10,18,'공설','053-421-5222','김혜수','010-5135-4777'),
	('03-01','99','017','남산동','남산그린빌','봉산문화길1-43'   ,'1998.04.29','120.40','120.4',38,20,18,'사설','053-421-5222','박성광','010-5135-4777'),
	('03-01','99','018','동인동','동인시티'  ,'달성로21길 44-133','1999.04.29','350.20','345.4',48,30,18,'공설','053-421-5222','장동건','010-5135-4777'),
	('03-01','99','019','동인동','건들바위'  ,'달구벌대로 1975'  ,'2000.04.29','100.80','98.4' ,58,40,18,'사설','053-421-5222','김동현','010-5135-4777'),
	('03-01','99','020','동성동','동성1가'   ,'중앙대로62길 30-3','2001.04.29','214.50','211.4',68,50,18,'공설','053-421-5222','이상혁','010-5135-4777'),
	('03-01','99','021','달성동','달성2가'   ,'명륜로6길 5'      ,'2002.04.29','124.10','100.4',78,60,18,'사설','053-421-5222','우혜미','010-5135-4777'),
	('03-01','99','022','달성동','달성1가'   ,'달성로 2246'      ,'2003.04.29','124.10','100.4',78,60,18,'사설','053-421-5222','우혜미','010-5135-4777'),
	('03-01','99','023','달성동','달성1가'   ,'달성로 2246'      ,'2003.04.29','124.10','100.4',78,60,18,'사설','053-421-5222','우혜미','010-5135-4777'),
	('03-01','99','024','남산동','까치아파트','국채보상로 679-13','1997.04.29','224.80','220.4',28,10,18,'공설','053-421-5222','김혜수','010-5135-4777'),
	('03-01','99','025','남산동','남산그린빌','봉산문화길1-43'   ,'1998.04.29','120.40','120.4',38,20,18,'사설','053-421-5222','박성광','010-5135-4777'),
	('03-01','99','026','동인동','동인시티'  ,'달성로21길 44-133','1999.04.29','350.20','345.4',48,30,18,'공설','053-421-5222','장동건','010-5135-4777'),
	('03-01','99','027','동인동','건들바위'  ,'달구벌대로 1975'  ,'2000.04.29','100.80','98.4' ,58,40,18,'사설','053-421-5222','김동현','010-5135-4777'),
	('03-01','99','028','동성동','동성1가'   ,'중앙대로62길 30-3','2001.04.29','214.50','211.4',68,50,18,'공설','053-421-5222','이상혁','010-5135-4777'),
	('03-01','99','029','달성동','달성2가'   ,'명륜로6길 5'      ,'2002.04.29','124.10','100.4',78,60,18,'사설','053-421-5222','우혜미','010-5135-4777'),
	('03-01','99','030','달성동','달성1가'   ,'달성로 2246'      ,'2003.04.29','124.10','100.4',78,60,18,'사설','053-421-5222','우혜미','010-5135-4777'),
	('03-01','99','031','달성동','달성1가'   ,'달성로 2246'      ,'2003.04.29','124.10','100.4',78,60,18,'사설','053-421-5222','우혜미','010-5135-4777'),
	('03-01','99','032','남산동','까치아파트','국채보상로 679-13','1997.04.29','224.80','220.4',28,10,18,'공설','053-421-5222','김혜수','010-5135-4777'),
	('03-01','99','033','남산동','남산그린빌','봉산문화길1-43'   ,'1998.04.29','120.40','120.4',38,20,18,'사설','053-421-5222','박성광','010-5135-4777'),
	('03-01','99','034','동인동','동인시티'  ,'달성로21길 44-133','1999.04.29','350.20','345.4',48,30,18,'공설','053-421-5222','장동건','010-5135-4777'),
	('03-01','99','035','동인동','건들바위'  ,'달구벌대로 1975'  ,'2000.04.29','100.80','98.4' ,58,40,18,'사설','053-421-5222','김동현','010-5135-4777'),
	('03-01','99','036','동성동','동성1가'   ,'중앙대로62길 30-3','2001.04.29','214.50','211.4',68,50,18,'공설','053-421-5222','이상혁','010-5135-4777'),
	('03-01','99','037','달성동','달성2가'   ,'명륜로6길 5'      ,'2002.04.29','124.10','100.4',78,60,18,'사설','053-421-5222','우혜미','010-5135-4777'),
	('03-01','99','038','달성동','달성1가'   ,'달성로 2246'      ,'2003.04.29','124.10','100.4',78,60,18,'사설','053-421-5222','우혜미','010-5135-4777');

-- code area name cat agency
INSERT INTO program(name, area, cat1, cat2, agency) VALUES 	
	('스트레칭 건강체조', '03-01', '3001','101',1), -- 1
	('기초검진체력측정'	, '03-01', '3002','101',2), -- 2
	('백세건강운동교실'	, '03-01', '3001','101',3); -- 3


-- code area_code branch_code scc_code program begin_date end_date monthly_oper active_user color
INSERT INTO offer(area_code, branch_code, scc_code, program, begin_date, end_date, monthly_oper, active_user, color) VALUES 
	('03-01','99','001', 1, '2019-02-01', '2019-02-28', 8, 31, 'ED1C24'),
	('03-01','99','002', 1, '2019-01-01', '2019-01-31', 4, 20, '3F48CC');

-- code offer date
INSERT INTO schedule(offer, date) VALUES
	(1, '2019-02-01'),
	(1, '2019-02-08'),
	(1, '2019-02-15'),
	(1, '2019-02-22'),
	(2, '2019-02-01'),
	(2, '2019-02-08'),
	(2, '2019-02-15'),
	(2, '2019-02-22'),
	(2, '2019-02-04'),
	(2, '2019-02-11'),
	(2, '2019-02-18'),
	(2, '2019-02-25');
	