-- code name par_cat par_name 
INSERT INTO category(code, name, par_cat, par_name) VALUES
	('3001101',' 체조 ㆍ댄스교실',			'3001',	'건강운동분야'),
	('3001102',' 웃음교실',					'3001',	'건강운동분야'),
	('3001103',' 요가ㆍ명상',				'3001',	'건강운동분야'),
	('3001104',' 건강운동',					'3001',	'건강운동분야'),
	('3002101',' 건강검진관련',				'3002', '건강관리분야'),
	('3002102',' 한방치료',					'3002', '건강관리분야'),
	('3002103',' 안마교실',					'3002', '건강관리분야'),
	('3002104',' 방문간호',					'3002', '건강관리분야'),
	('3003101',' 정보화교육',				'3003', '교육ㆍ상담분야'),
	('3003102',' 언어교육',					'3003', '교육ㆍ상담분야'),
	('3003103',' 인식개선교육',				'3003', '교육ㆍ상담분야'),
	('3003104',' 에너지교육',				'3003', '교육ㆍ상담분야'),
	('3003105',' 노인상담',					'3003', '교육ㆍ상담분야'),
	('3003106',' 생활ㆍ안전교육',			'3003', '교육ㆍ상담분야'),
	('3003107',' 프로그램발표대회',			'3003', '교육ㆍ상담분야'),
	('3004101',' 음악활동',					'3004', '여가분야'),
	('3004102',' 바둑ㆍ장기교실',			'3004', '여가분야'),
	('3004103',' 문학활동',					'3004', '여가분야'),
	('3004104',' 미술활동',					'3004', '여가분야'),
	('3004105',' 문화ㆍ공연활동',			'3004', '여가분야'),
	('3005101',' 노인성교육',				'3005', '권익증진분야'),
	('3005102',' 소비자피해예방교육',		'3005', '권익증진분야'),
	('3005103',' 노인자살ㆍ학대예방교육',	'3005', '권익증진분야'),
	('3006101',' 방문 이ㆍ미용서비스',		'3006', '사회참여분야'),
	('3006102',' 시설 방문 위문공연',		'3006', '사회참여분야'),
	('3006103',' 자원봉사활동',				'3006', '사회참여분야'),
	('3007101',' 공동작업장',				'3007', '공동작업장');

-- code name manager tel
INSERT INTO agency(name) VALUES 
	('중구체육회'),
	('중구보건소'),
	('건강보험공단');

-- code name cat agency
INSERT INTO program(name, cat, agency) VALUES 	
	('스트레칭 건강체조'	, '3001101',1), -- 1
	('기초검진체력측정'	, '3002101',2), -- 2
	('백세건강운동교실'	, '3001101',3); -- 3

-- id password name tel mail is_approve permission
INSERT INTO manager(id, password, name, tel, mail, is_approve, permission) VALUES
	('luuzun','1234','이원준','010-4940-5498','luuzun@naver.com',true,'MASTER'),
	('mcmoto','1234','우금주','010-9004-0726','mcmoto@naver.com',true,'MANAGER');
	
-- code manager city city_code gu gu_code branch branch_code
INSERT INTO area(code, manager, city, city_code, gu, gu_code, branch, branch_code) VALUES
	('00-00-99', 'luuzun', '대구', '03', '중구', '01', '없음' , '99'),	
	('03-01-99', 'mcmoto', '대구', '03', '중구', '01', '없음' , '99'),
	('03-01-01', 'mcmoto', '대구', '03', '중구', '01', '남산동', '01'),
	('03-01-02', 'mcmoto', '대구', '03', '중구', '01', '대봉동', '02'),
	('03-01-03', 'mcmoto', '대구', '03', '중구', '01', '봉덕동', '03'),
	('03-01-04', 'mcmoto', '대구', '03', '중구', '01', '비산동', '04');

-- code name area manager
INSERT INTO scc(code, name, area, manager) VALUES 
	('03-01-99-001','까치아파트'	,'03-01-99','mcmoto' ),
	('03-01-99-002','센트로팰리스'	,'03-01-99','mcmoto' ),
	('03-01-99-003','봉산뜨란채'	,'03-01-99','mcmoto' ),
	('03-01-99-004','삼덕청아람'	,'03-01-99','mcmoto' ),
	('03-01-99-005','보성황실'		,'03-01-99','mcmoto' ),
	('03-01-99-006','동인시티'		,'03-01-99','mcmoto' ),
	('03-01-99-007','보성송림'		,'03-01-99','mcmoto' ),
	('03-01-99-008','남산복지관'	,'03-01-99','mcmoto' );
	
-- code manager ssc program begin_date end_date time monthly_oper active_user 
INSERT INTO schedule(manager, ssc, program, begin_date, end_date, time, monthly_oper, active_user) VALUES 
	('mcmoto','03-01-99-001', 1, '2019-01-01', '2019-01-31', '02:00:00', 8, 31),
	('mcmoto','03-01-99-002', 1, '2019-01-01', '2019-01-31', '02:00:00', 5, 52),
	('mcmoto','03-01-99-003', 1, '2019-01-01', '2019-01-31', '02:00:00', 8, 12),
	('mcmoto','03-01-99-004', 1, '2019-01-01', '2019-01-31', '02:00:00', 4, 42),
	('mcmoto','03-01-99-005', 1, '2019-01-01', '2019-01-31', '02:00:00', 7, 73),
	('mcmoto','03-01-99-006', 1, '2019-01-01', '2019-01-31', '02:00:00', 9, 16),
	('mcmoto','03-01-99-007', 1, '2019-01-01', '2019-01-31', '02:00:00', 8, 15),
	('mcmoto','03-01-99-007', 1, '2019-01-01', '2019-01-31', '02:00:00', 1, 71),
	('mcmoto','03-01-99-001', 2, '2019-01-01', '2019-01-31', '02:00:00', 8, 31),
	('mcmoto','03-01-99-002', 2, '2019-01-01', '2019-01-31', '02:00:00', 5, 52),
	('mcmoto','03-01-99-003', 2, '2019-01-01', '2019-01-31', '02:00:00', 8, 12),
	('mcmoto','03-01-99-004', 2, '2019-01-01', '2019-01-31', '02:00:00', 4, 42),
	('mcmoto','03-01-99-005', 2, '2019-01-01', '2019-01-31', '02:00:00', 7, 73),
	('mcmoto','03-01-99-006', 2, '2019-01-01', '2019-01-31', '02:00:00', 9, 16),
	('mcmoto','03-01-99-007', 2, '2019-01-01', '2019-01-31', '02:00:00', 8, 15),
	('mcmoto','03-01-99-007', 2, '2019-01-01', '2019-01-31', '02:00:00', 1, 71);
